{"generation": 148, "food": 1.3000000000000003, "hunting": 2.5000000000000013, "hazard": 1.6000000000000005, "space": 0.30000000000000016, "maximax": 1.0}